<?xml version="1.0" encoding="UTF-8"?>
<project-private xmlns="http://www.netbeans.org/ns/project-private/1">
    <editor-bookmarks xmlns="http://www.netbeans.org/ns/editor-bookmarks/2" lastBookmarkId="0"/>
    <open-files xmlns="http://www.netbeans.org/ns/projectui-open-files/2">
        <group>
            <file>file:/C:/Users/l2pc214e/Documents/NetBeansProjects/login1/web/home.jsp</file>
            <file>file:/C:/Users/l2pc214e/Documents/NetBeansProjects/login1/web/welcome.jsp</file>
            <file>file:/C:/Users/l2pc214e/Documents/NetBeansProjects/login1/web/process1.jsp</file>
            <file>file:/C:/Users/l2pc214e/Documents/NetBeansProjects/login1/web/process.jsp</file>
        </group>
    </open-files>
</project-private>
