<?xml version="1.0"?>
<!DOCTYPE hibernate-mapping PUBLIC "-//Hibernate/Hibernate Mapping DTD 3.0//EN"
"http://www.hibernate.org/dtd/hibernate-mapping-3.0.dtd">
<!-- Generated Jan 31, 2019 12:00:47 PM by Hibernate Tools 4.3.1 -->
<hibernate-mapping>
    <class name="com.exam.Student" table="student" catalog="hiberdd" optimistic-lock="version">
        <id name="id" type="int">
            <column name="id" />
            <generator class="assigned" />
        </id>
        <property name="name" type="string">
            <column name="name" length="45" />
        </property>
        <property name="subject" type="string">
            <column name="subject" length="45" />
        </property>
        <property name="gender" type="string">
            <column name="gender" length="45" />
        </property>
        <property name="password" type="string">
            <column name="password" length="45" />
        </property>
        <property name="round" type="string">
            <column name="round" length="45" />
        </property>
    </class>
</hibernate-mapping>
