<?xml version="1.0" encoding="UTF-8"?>
<project-private xmlns="http://www.netbeans.org/ns/project-private/1">
    <editor-bookmarks xmlns="http://www.netbeans.org/ns/editor-bookmarks/2" lastBookmarkId="0"/>
    <open-files xmlns="http://www.netbeans.org/ns/projectui-open-files/2">
        <group>
            <file>file:/C:/Users/l2pc214e/Desktop/Exam_product/web/delete.xhtml</file>
            <file>file:/C:/Users/l2pc214e/Desktop/Exam_product/src/java/com/exam/ConnectDb.java</file>
            <file>file:/C:/Users/l2pc214e/Desktop/Exam_product/src/java/com/exam/Product.java</file>
            <file>file:/C:/Users/l2pc214e/Desktop/Exam_product/web/show.xhtml</file>
            <file>file:/C:/Users/l2pc214e/Desktop/Exam_product/web/index.xhtml</file>
            <file>file:/C:/Users/l2pc214e/Desktop/Exam_product/web/insert.xhtml</file>
        </group>
    </open-files>
</project-private>
